"1","
<!-- rnb-source-begin eyJkYXRhIjoiYGBgclxucmVtb3ZlKGxpc3Q9bHMoKSlcblxubGlicmFyeShkcGx5cilcbmxpYnJhcnkodGlkeXZlcnNlKVxuXG5saWJyYXJ5KHJzYW1wbGUpICMgRGF0YSBzcGxpdFxubGlicmFyeShwUk9DKSAjIFJPQyBjdXJ2ZXNcbmxpYnJhcnkoc21vdGVmYW1pbHkpICMgU01PVEVcbmxpYnJhcnkoY2FyZXQpICMgUmVncmVzc2lvblxubGlicmFyeShnZ3Bsb3QyKVxubGlicmFyeShjb3JycGxvdClcblxuZGF0YSA8LSByZWFkLmNzdihcInBhcmVudHBhcGVyMV9kYXRhLmNzdlwiKVxuYGBgIn0= -->

```r
remove(list=ls())

library(dplyr)
library(tidyverse)

library(rsample) # Data split
library(pROC) # ROC curves
library(smotefamily) # SMOTE
library(caret) # Regression
library(ggplot2)
library(corrplot)

data <- read.csv(\"parentpaper1_data.csv\")
```

<!-- rnb-source-end -->
"
"0","```r
remove(list=ls())

library(dplyr)
library(tidyverse)

library(rsample) # Data split
library(pROC) # ROC curves
library(smotefamily) # SMOTE
library(caret) # Regression
library(ggplot2)
library(corrplot)

data <- read.csv(\"parentpaper1_data.csv\")
```"
